{
    "0.0": {
        "chess_count": 5.3453815261044175
    },
    "1.0": {
        "chess_count": 5.704
    },
    "2.0": {
        "chess_count": 5.5813953488372094
    },
    "3.0": {
        "chess_count": 6.083333333333333
    },
    "4.0": {
        "chess_count": 7.5344827586206895
    },
    "5.0": {
        "chess_count": 6.695652173913044
    },
    "6.0": {
        "chess_count": 5.75
    },
    "7.0": {
        "chess_count": 5.571428571428571
    },
    "8.0": {
        "chess_count": 9.666666666666666
    }
}